noise_strength,qber,key_length,noise_type
0.0,0.0,49.5,readout_error
0.05,0.0528961874836576,50.9,readout_error
0.1,0.09812186043928495,50.65,readout_error
0.15,0.16104678381547302,51.55,readout_error
0.2,0.21313710585477896,48.85,readout_error
0.25,0.25147912022119095,49.45,readout_error
0.3,0.2918769106540358,51.35,readout_error
0.35,0.3803661184439517,48.6,readout_error
0.4,0.3831438422371,49.3,readout_error
0.45,0.46723002054495777,47.95,readout_error
0.5,0.5114512137438106,49.5,readout_error
