noise_strength,chsh,chsh_std,noise_type
0.0,2.7784,0.06312400494265234,bit_flip
0.05,2.556,0.05707538874155822,bit_flip
0.1,2.3864,0.025873538606073974,bit_flip
0.15,2.1088,0.08238058023587833,bit_flip
0.2,1.9504,0.06027138624587959,bit_flip
0.25,1.8072000000000001,0.05596570378365659,bit_flip
0.3,1.6472,0.06406996176056293,bit_flip
0.35,1.5072,0.03133304964410585,bit_flip
0.4,1.48,0.04833218389437833,bit_flip
0.45,1.4504,0.07477325725150677,bit_flip
0.5,1.496,0.04126015026632844,bit_flip
0.0,2.8432,0.05278787739623554,phase_flip
0.05,2.5728,0.04121358999165206,phase_flip
0.1,2.308,0.04970311861442906,phase_flip
0.15,2.1271999999999998,0.09045308176065639,phase_flip
0.2,1.9103999999999999,0.036800000000000034,phase_flip
0.25,1.7288,0.05831775029954429,phase_flip
0.3,1.64,0.06877208736107984,phase_flip
0.35,1.5304,0.09276551083242099,phase_flip
0.4,1.496,0.05015176965970398,phase_flip
0.45,1.3856,0.04275324549083968,phase_flip
0.5,1.4287999999999998,0.07909083385576365,phase_flip
0.0,2.8384,0.06940201726174809,depolarizing
0.05,2.6184,0.0837367302920289,depolarizing
0.1,2.3136,0.08050242232380331,depolarizing
0.15,2.0768,0.05302980294136501,depolarizing
0.2,1.8279999999999998,0.051287425359438706,depolarizing
0.25,1.6048,0.10167870966923202,depolarizing
0.3,1.3592,0.028777769197767866,depolarizing
0.35,1.1152,0.10361158236413537,depolarizing
0.4,0.928,0.08933532336091922,depolarizing
0.45,0.872,0.12666807016766304,depolarizing
0.5,0.7368,0.04835866003106377,depolarizing
0.0,2.8688,0.034816088235182376,amplitude_damping
0.05,2.6384000000000003,0.053462510229131635,amplitude_damping
0.1,2.4144,0.04393449669678698,amplitude_damping
0.15,2.2552000000000003,0.08917039867579384,amplitude_damping
0.2,2.068,0.025043961347997665,amplitude_damping
0.25,1.9376,0.05405774690088374,amplitude_damping
0.3,1.8119999999999998,0.10464415893875778,amplitude_damping
0.35,1.656,0.04651021393199558,amplitude_damping
0.4,1.6280000000000001,0.11293892154611714,amplitude_damping
0.45,1.4728,0.08433836612123807,amplitude_damping
0.5,1.4408,0.07442150226916946,amplitude_damping
0.0,2.7888,0.06441863084543176,readout_error
0.05,2.2840000000000003,0.053962950252928174,readout_error
0.1,1.8024,0.07897746514038036,readout_error
0.15,1.336,0.07830197954074976,readout_error
0.2,0.972,0.09319227435791021,readout_error
0.25,0.6688000000000001,0.11594205449275084,readout_error
0.3,0.4424,0.04750410508577126,readout_error
0.35,0.2128,0.06603756506716461,readout_error
0.4,0.124,0.032,readout_error
0.45,-0.012000000000000004,0.06918959459340689,readout_error
0.5,-0.0008000000000000007,0.06015446783074388,readout_error
