noise_strength,chsh,chsh_std,bell_violation,noise_type
0.0,2.8088,0.09769831114200499,True,readout_error
0.05,2.3312000000000004,0.0916829318902924,True,readout_error
0.1,1.7856,0.08914168497397837,False,readout_error
0.15,1.3992,0.05826285265930596,False,readout_error
0.2,0.9904,0.06220482296414006,False,readout_error
0.25,0.7672,0.05804274287109461,False,readout_error
0.3,0.4168,0.06879069704545812,False,readout_error
0.35,0.28159999999999996,0.07608836967631778,False,readout_error
0.4,0.14,0.02950254226333724,False,readout_error
0.45,0.0016000000000000042,0.08603627142083739,False,readout_error
0.5,0.010400000000000001,0.11086857083953054,False,readout_error
