noise_strength,noise_type,qber,key_efficiency
0.0,bit_flip,0.0,0.484
0.0,phase_flip,0.0,0.484
0.0,depolarizing,0.0,0.514
0.0,amplitude_damping,0.0,0.516
0.0,readout_error,0.0,0.48
0.05,bit_flip,0.028267884951260012,0.486
0.05,phase_flip,0.030896766662261575,0.508
0.05,depolarizing,0.028994277611789132,0.512
0.05,amplitude_damping,0.015948275862068966,0.51
0.05,readout_error,0.04358073418046464,0.522
0.1,bit_flip,0.02966086616134657,0.484
0.1,phase_flip,0.05323998302721707,0.522
0.1,depolarizing,0.07828856190655852,0.488
0.1,amplitude_damping,0.01940507510857915,0.516
0.1,readout_error,0.06592818945760122,0.54
0.15,bit_flip,0.0628600565521717,0.49
0.15,phase_flip,0.06831843898440301,0.494
0.15,depolarizing,0.07624145350363547,0.5379999999999999
0.15,amplitude_damping,0.05212446594799536,0.534
0.15,readout_error,0.1438606213699007,0.54
0.2,bit_flip,0.12484319891478604,0.512
0.2,phase_flip,0.10428478577300049,0.494
0.2,depolarizing,0.11600011899015221,0.48
0.2,amplitude_damping,0.08722940491137579,0.46799999999999997
0.2,readout_error,0.20795686785352438,0.488
0.25,bit_flip,0.12734110334110332,0.48200000000000004
0.25,phase_flip,0.12858028763689142,0.466
0.25,depolarizing,0.14643478260869566,0.502
0.25,amplitude_damping,0.07724944517397347,0.49
0.25,readout_error,0.21689164182953002,0.48
0.3,bit_flip,0.1923986436679935,0.5
0.3,phase_flip,0.15742100157710195,0.46799999999999997
0.3,depolarizing,0.1989423558897243,0.54
0.3,amplitude_damping,0.13295371295371294,0.486
0.3,readout_error,0.2683058760755019,0.518
0.35,bit_flip,0.1601328454826907,0.528
0.35,phase_flip,0.17095371714239638,0.5
0.35,depolarizing,0.15883040935672513,0.518
0.35,amplitude_damping,0.17106100795755969,0.504
0.35,readout_error,0.3444779952521337,0.456
0.4,bit_flip,0.21987931116502546,0.486
0.4,phase_flip,0.22826103431652822,0.504
0.4,depolarizing,0.22235328818099964,0.46799999999999997
0.4,amplitude_damping,0.16005349766747942,0.484
0.4,readout_error,0.42005883196020233,0.49200000000000005
0.45,bit_flip,0.1844191603140289,0.46799999999999997
0.45,phase_flip,0.2156679035250464,0.518
0.45,depolarizing,0.25821453367671854,0.47600000000000003
0.45,amplitude_damping,0.17590968302214502,0.498
0.45,readout_error,0.5083413696715584,0.514
0.5,bit_flip,0.25336175955436874,0.524
0.5,phase_flip,0.2885440346029076,0.48200000000000004
0.5,depolarizing,0.28164045557200756,0.512
0.5,amplitude_damping,0.20454136019614114,0.5579999999999999
0.5,readout_error,0.5281719152307387,0.522
